use stockspace;


INSERT INTO employer (employerid, userName, password, fullName, address, email, phone, gcmMessageId, dateCreated)
VALUES ('1','Dipen2512','abcd','Dipen Patel','Rosebank Drive','Dipen2512@gmail.com','416-722-5801', 'APA91bHIdKL_Pf0MLJYMBCDGwSHLAT2PcMO65g9kqMB5ux5YGJtA70PfNQS056ENyC17oxWSsWBaqQ2rSEN38bWmUHWJkzYrdHLKq3COnu8h-pz19Qweu2eW435s4gPJ7NjeBWEYb5rNKvMjxMHg0abuNepTYH8V8CyOr5wpAHJu81IJGnSEPNY', '2014-02-05 00:00:00'),
('2','Sanket','xyz','Sanket Patel','Brimorto Drive','Sanket@gmail.com','416-722-4444',' 1', '2014-03-05 00:00:00'),
('3','Ankush','Paaji','Ankush Arora','Centennial College','Ankush@gmail.com','416-777-5801', '2', '2014-01-05 00:00:00'),
('4','Shalin','baba','Shalin Banjara','Rosebank Drive','Shalin@gmail.com','476-722-2231','3', '2014-02-01 00:00:00'),
('5','Jasmin','color','Jassi Zaria','Gurunanak Drive','Jassi@gmail.com','476-123-4756','4', '2014-02-02 00:00:00'),
('6','Tapia','smart','Arben Tapia','Toronto','Tapia@gmail.com','123-456-7893', '5','2013-08-10 00:00:00'),
('7','Sam','crazy','Sam EFR','Danforth Road','Sam@gmail.com','111-222-3333', '6', '2014-02-05 00:00:00');

INSERT INTO employee (employeeId, userName, password, fullName, address, email, phone, dateCreated)
VALUES ('1','bunty','bunty','Bunty Patel','Rosebank Drive','bunty@gmail.com','416-722-5801', '2014-02-05 00:00:00'),
('2','toral','didi','Toral Patel','Brimorto Drive','toral@gmail.com','416-722-4444', '2014-03-05 00:00:00'),
('3','gabhru','gabbar','Gabbar Singh','Centennial College','gabbar@gmail.com','416-777-5801', '2014-01-05 00:00:00'),
('4','salman','sallu','Salman Khan ','Rosebank Drive','sallu@gmail.com','476-722-2231', '2014-02-01 00:00:00'),
('5','amir','color','Amir Khan ','Gurunanak Drive','amir@gmail.com','476-123-4756', '2014-02-02 00:00:00'),
('6','hritik','smart','Hritik Roshan ','Toronto','hritik@gmail.com','123-456-7893','2013-08-10 00:00:00'),
('7','mahadev','shaktiman','Bholenath ','Danforth Road','bhol@gmail.com','111-222-3333', '2014-02-05 00:00:00');


INSERT INTO company (companyId, companyName,dateCreated)
VALUES ('100','Apple','2013-06-05 00:00:00'),
('110','Samsung','2014-01-21 00:00:00'),
('101','HTC','2014-02-25 00:00:00'),
('102','Carbon','2014-03-01 00:00:00'),
('103','Sony','2013-08-05 00:00:00'),
('104','Asus','2013-05-12 00:00:00'),
('105','Google','2013-01-25 00:00:00');

INSERT INTO attendence (attendenceId, employeeId,inTime,outTime,payDate,dateCreated)
VALUES ('201','1','09:00:00','05:00:00','2014-02-15 06:00:00','2014-02-01 00:00:00'),
('202','2','07:00:00','03:00:00','2014-02-15 06:00:00','2014-02-02 00:00:00'),
('203','3','11:00:00','07:00:00','2014-02-15 06:00:00','2014-02-03 00:00:00'),
('204','4','09:00:00','05:00:00','2014-02-15 06:00:00','2014-02-04 00:00:00'),
('205','5','07:00:00','03:00:00','2014-02-15 06:00:00','2014-02-05 00:00:00'),
('206','6','10:00:00','06:00:00','2014-02-15 06:00:00','2014-02-06 00:00:00'),
('207','7','05:00:00','01:00:00','2014-02-15 06:00:00','2014-02-07 00:00:00');

INSERT INTO customer (customerId,fullName, address, email, phone, dateCreated)
VALUES('501','Amithabh Bachchan','New Delhi','Amitabh@hotmail.com','111-222-3333','2014-01-05'),
('502','Abhishek Patel','Michigan','Abhi@hotmail.com','123-456-7890','2013-01-05'),
('503','Sumit Arora','Scarborough','paji@gmail.com','416-755-8501','2013-12-25'),
('504','Jigna Thakur','DownTown','jigna@hotmail.com','746-555-5555','2014-01-05'),
('505','Meet Panchal','British Columbia','meet@ymail.com','444-123-8888','2014-03-12'),
('506','Suketu Shah','Empringham Drive','suketu@hotmail.com','222-333-7777','2012-01-22'),
('507','Suhab Khan','Ellesemere Road','mrkhan@hotmail.com','125-785-3694','2013-05-31');

INSERT INTO category (categoryId,categoryName, companyId,dateCreated)
VALUES('11','Phone','100','2014-01-01'),
('12','Phone Repair','100','2014-01-01'),
('13','Tablet','100','2014-01-01'),
('14','Tablet Repair','100','2014-01-01'),
('15','Computer','100','2014-01-01'),
('16','Computer Repair','100','2014-01-01'),
('17','Phone','110','2014-01-01'),
('18','Phone Repair','110','2014-01-01'),
('19','Tablet','110','2014-01-01'),
('20','Tablet Repair','110','2014-01-01'),
('21','Computer','110','2014-01-01'),
('22','Computer Repair','110','2014-01-01'),
('23','Phone','101','2014-01-01'),
('24','Phone Repair','101','2014-01-01'),
('25','Tablet','101','2014-01-01'),
('26','Tablet Repair','101','2014-01-01'),
('27','Phone','102','2014-01-01'),
('28','Phone Repair','102','2014-01-01'),
('29','Phone','103','2014-01-01'),
('30','Phone Repair','103','2014-01-01'),
('31','Tablet','103','2014-01-01'),
('32','Tablet Repair','103','2014-01-01'),
('33','Computer','103','2014-01-01'),
('34','Computer Repair','103','2014-01-01'),
('35','Phone','104','2014-01-01'),
('36','Phone Repair','104','2014-01-01'),
('37','Tablet','104','2014-01-01'),
('38','Computer','104','2014-01-01'),
('39','Phone','105','2014-01-01'),
('40','Phone Repair','105','2014-01-01'),
('41','Tablet','105','2014-01-01'),
('42','Tablet Repair','105','2014-01-01'),
('43','Computer','105','2014-01-01'),
('44','Computer Repair','105','2014-01-01');

INSERT INTO subcategory (subcategoryId,subCategoryName,categoryId,dateCreated)
VALUES('1000','New','11','2013-12-25'),
('1001','Iphone5','12','2013-12-25'),
('1003','New','13','2014-01-01'),
('1004','Apple Ipad','14','2014-01-01'),
('1005','New','15','2014-01-01'),
('1006','Mac Book','16','2014-01-01'),
('1007','New','17','2014-01-01'),
('1008','S3','18','2014-01-01'),
('1009','New','19','2014-01-01'),
('1010','Samsung Tab3','20','2014-01-01'),
('1011','New','21','2014-01-01'),
('1012','Samsung pro','22','2014-01-01'),
('1013','new','23','2014-01-01'),
('1014','HTC OneX','24','2014-01-01'),
('1015','New','25','2014-01-01'),
('1016','HTC Flyer','26','2014-01-01'),
('1017','New','27','2014-01-01'),
('1018','Carbon7','28','2014-01-01'),
('1019','New','29','2014-01-01'),
('1020','ExperiaZ','30','2014-01-01'),
('1021','New','31','2014-01-01'),
('1022','TabletS','32','2014-01-01'),
('1023','New','33','2014-01-01'),
('1024','Sony Viao','34','2014-01-01'),
('1025','New','35','2014-01-01'),
('1026','Asus7','36','2014-01-01'),
('1027','New','37','2014-01-01'),
('1028','New','38','2014-01-01'),
('1029','New','39','2014-01-01'),
('1030','Nexus5','40','2014-01-01'),
('1031','New','41','2014-01-01'),
('1032','Nexux7','42','2014-01-01'),
('1033','New','43','2014-01-01'),
('1034','ChromeBook','44','2014-01-01');


INSERT INTO product VALUES (42,'Iphone5',1000,'New Phone','2014-01-01 00:00:00'),
(43,'Iphone4',1000,'New Phone','2014-01-01 00:00:00'),
(44,'Iphone5',1001,'Used Phone','2014-01-01 00:00:00'),
(45,'Mini Tablet',1003,'New tablet','2014-01-01 00:00:00'),
(46,'Ipad',1004,'Used Tablet','2014-01-01 00:00:00'),
(47,'IMAC',1005,'New PC','2014-01-01 00:00:00'),
(48,'Mac Book Pro',1005,'New PC','2014-01-01 00:00:00'),
(49,'Mac Book',1006,'Used Pc','2014-01-01 00:00:00'),
(50,'S3',1007,'New Phone','2014-01-01 00:00:00'),
(51,'S4',1007,'New Phone','2014-01-01 00:00:00'),
(52,'S3',1008,'Used Phone','2014-01-01 00:00:00'),
(53,'Samsung Tab1',1009,'New Tablet','2014-01-01 00:00:00'),
(54,'Samsung Tab3',1009,'New Tablet','2014-01-01 00:00:00'),
(55,'Samsung Tab3',1010,'Used Tablet','2014-01-01 00:00:00'),
(56,'Samsung Series1',1011,'New Laptop','2014-01-01 00:00:00'),
(57,'Samsung Series3',1012,'Used Laptop','2014-01-01 00:00:00'),
(58,'HTC OneS',1013,'New Phone','2014-01-01 00:00:00'),
(59,'HTC OneX',1033,'New Phone','2014-01-01 00:00:00'),
(60,'HTC OneX',1014,'Used Phone','2014-01-01 00:00:00'),
(61,'HTC Flyer',1015,'New Tablet','2014-01-01 00:00:00'),
(62,'HTC Flyer',1016,'Used Tablet','2014-01-01 00:00:00'),
(63,'Titanium',1017,'New Phone','2014-01-01 00:00:00'),
(64,'Titanium',1018,'Used Phone','2014-01-01 00:00:00'),
(65,'ExperiaZ',1019,'New Phone','2014-01-01 00:00:00'),
(66,'Experia Mini',1019,'New Phone','2014-01-01 00:00:00'),
(67,'ExperiaZ',1020,'Used Phone','2014-01-01 00:00:00'),
(68,'TabletS',1021,'New Tablet','2014-01-01 00:00:00'),
(69,'TabletS',1022,'Used tablet','2014-01-01 00:00:00'),
(70,'Sony Viao',1023,'New Laptop','2014-01-01 00:00:00'),
(71,'Sony Viao',1024,'Used Laptop','2014-01-01 00:00:00'),
(72,'ZenPhone',1025,'New Phone','2014-01-01 00:00:00'),
(73,'ZenPhone3',1025,'New Phone','2014-01-01 00:00:00'),
(74,'ZenPhone4',1026,'Used Phone','2014-01-01 00:00:00'),
(75,'Asus EEPad',1027,'New Tablet','2014-01-01 00:00:00'),
(76,'Asus VivoBook',1028,'New Laptop','2014-01-01 00:00:00'),
(77,'Nexus5',1029,'New Phone','2014-01-01 00:00:00'),
(78,'Nexus4',1029,'New Phone','2014-01-01 00:00:00'),
(79,'Nexus5',1030,'Used Phone','2014-01-01 00:00:00'),
(80,'Nexux10',1031,'New Tablet','2014-01-01 00:00:00'),
(81,'Nexus7',1032,'Used Tablet','2014-01-01 00:00:00'),
(82,'ChromeBook',1033,'New Laptop','2014-01-01 00:00:00'),
(83,'ChromeBook',1034,'Used Laptop','2014-01-01 00:00:00');

INSERT INTO stock (stockId,productId,quantity,minmumStockQuantity,dateCreated)
VALUES('1','42','10','5','2014-01-01 00:00:00'),
('2','43','15','3','2014-01-01 00:00:00'),
('3','44','10','5','2014-01-01 00:00:00'),
('4','45','10','5','2014-01-01 00:00:00'),
('6','46','5','2','2014-01-01 00:00:00'),
('7','47','10','5','2014-01-01 00:00:00'),
('8','48','10','5','2014-01-01 00:00:00'),
('9','49','10','5','2014-01-01 00:00:00'),
('10','50','10','5','2014-01-01 00:00:00'),
('11','51','25','10','2014-01-01 00:00:00'),
('12','52','25','10','2014-01-01 00:00:00'),
('13','53','25','10','2014-01-01 00:00:00'),
('14','55','25','10','2014-01-01 00:00:00'),
('15','56','25','10','2014-01-01 00:00:00'),
('16','57','8','3','2014-01-01 00:00:00'),
('17','58','8','3','2014-01-01 00:00:00'),
('18','59','8','3','2014-01-01 00:00:00'),
('19','60','8','3','2014-01-01 00:00:00'),
('20','61','8','3','2014-01-01 00:00:00'),
('21','62','10','5','2014-01-01 00:00:00'),
('22','63','10','5','2014-01-01 00:00:00'),
('23','64','10','5','2014-01-01 00:00:00'),
('24','65','10','5','2014-01-01 00:00:00'),
('25','66','10','5','2014-01-01 00:00:00'),
('26','67','10','5','2014-01-01 00:00:00'),
('27','68','10','5','2014-01-01 00:00:00'),
('28','69','10','5','2014-01-01 00:00:00'),
('29','70','10','5','2014-01-01 00:00:00'),
('30','71','10','5','2014-01-01 00:00:00'),
('31','72','5','1','2014-01-01 00:00:00'),
('32','73','5','1','2014-01-01 00:00:00'),
('33','74','5','1','2014-01-01 00:00:00'),
('34','75','5','1','2014-01-01 00:00:00'),
('35','76','5','1','2014-01-01 00:00:00'),
('36','77','5','1','2014-01-01 00:00:00'),
('37','78','5','1','2014-01-01 00:00:00'),
('38','79','5','1','2014-01-01 00:00:00'),
('39','80','5','1','2014-01-01 00:00:00'),
('40','81','20','10','2014-01-01 00:00:00'),
('41','82','20','10','2014-01-01 00:00:00'),
('42','83','20','5','2014-01-01 00:00:00');


INSERT INTO sales (salesId,salesDate,customerId,paymentMode,totalAmount,creditAmount,debitAmount,cashAmount,pendingAmount,dateCreated)
VALUES('1','2014-01-01 00:00:00','501','cash','50','0','0','50','0','2013-12-31 00:00:00'),
('2','2014-01-01 00:00:00','502','debit','25','0','25','0','0','2013-12-31 00:00:00'),
('3','2014-01-01 00:00:00','503','credit','30','30','0','0','0','2013-12-31 00:00:00'),
('4','2014-01-01 00:00:00','504','Partial','50','20','30','0','0','2013-12-31 00:00:00'),
('5','2014-01-01 00:00:00','505','Partial','50','0','20','30','0','2013-12-31 00:00:00'),
('6','2014-01-01 00:00:00','506','Partial','50','30','0','20','0','2013-12-31 00:00:00'),
('7','2014-01-01 00:00:00','507','Partial','50','10','20','0','20','2013-12-31 00:00:00');

INSERT INTO salestransaction (salestransactionId,productId,salesId,quantity,description,salesType,saleTransactionAmount,dateCreated)
VALUES('1','42','1','2','IPhone5 Sold','P','1000','2014-02-02 00:00:00'),
('2','43','1','1','IPhone4 Sold','P','500','2014-02-02 00:00:00'),
('3','44','1','1','IPhone5 Repaired','R','150','2014-02-02 00:00:00'),
('4','45','2','3','Mini Tablet Sold','P','1650','2014-02-02 00:00:00'),
('5','46','2','1','Ipad Repaired','R','100','2014-02-02 00:00:00'),
('6','47','3','1','IMAC Purchased','P','999','2014-02-02 00:00:00'),
('7','48','3','1','Mac Book Pro Purchased','P','1100','2014-02-02 00:00:00'),
('8','49','3','2','Mac Book Pro Repaired','R','350','2014-02-02 00:00:00'),
('9','50','4','2','S3 Purchased','P','800','2014-02-02 00:00:00'),
('10','51','1','2','S4 Purchased','P','1000','2014-02-02 00:00:00'),
('11','52','4','1','S3 Repaired','R','80','2014-02-02 00:00:00'),
('12','53','4','5','Samsung Tablet1 Purchased','P','2100','2014-02-02 00:00:00'),
('13','54','4','2','Samsung Tablet3 Purchased','P','900','2014-02-02 00:00:00'),
('14','55','4','2','Samsung Tablet3 Purchased','R','200','2014-02-02 00:00:00'),
('15','56','1','1','Samsung Series1 Purchased','P','1099','2014-02-02 00:00:00'),
('16','57','2','1','Samsung Series1 Repaired','R','1000','2014-02-02 00:00:00'),
('17','58','2','10','HTC OneS Purchased','P','5000','2014-02-02 00:00:00'),
('18','59','1','2','HTC OneX Purchased','P','1000','2014-02-02 00:00:00'),
('19','60','1','2','HTC OneX Repaired','R','75','2014-02-02 00:00:00'),
('20','61','5','4','HTC Flyer Purchased','P','2600','2014-02-02 00:00:00'),
('21','62','5','3','HTC Flyer Repaired','R','450','2014-02-02 00:00:00'),
('22','63','5','1','Titanium Purchased','P','1000','2014-02-02 00:00:00'),
('23','64','5','1','Titanium Repaired','R','1000','2014-02-02 00:00:00'),
('24','65','6','10','ExperiaZ Purchased','P','4500','2014-02-02 00:00:00'),
('25','66','6','1','Experia Mini Purchased','P','300','2014-02-02 00:00:00'),
('26','67','6','2','ExperiaZ Repaired','R','50','2014-02-02 00:00:00'),
('27','68','6','2','TabletS Purchased','P','1000','2014-02-02 00:00:00'),
('28','69','6','2','TabletS Repaired','R','200','2014-02-02 00:00:00'),
('29','70','1','1','Sony Viao Purchased','P','625','2014-02-02 00:00:00'),
('30','71','1','1','Sony Viao Repaired','R','175','2014-02-02 00:00:00'),
('31','72','2','1','ZenPhone Purchased','P','200','2014-02-02 00:00:00'),
('32','73','1','1','ZenPhone3 Purchased','P','225','2014-02-02 00:00:00'),
('33','74','1','1','ZenPhone4 Repaired','R','25','2014-02-02 00:00:00'),
('34','75','1','2','Asus EEPad Purchased','P','1300','2014-02-02 00:00:00'),
('35','76','7','1','Asus VivoBook Purchased','P','2200','2014-02-02 00:00:00'),
('36','77','1','3','Nexus5 Purchased','P','1575','2014-02-02 00:00:00'),
('37','78','1','2','Nexus4 Purchased','P','950','2014-02-02 00:00:00'),
('38','79','7','2','Nexus5 Repaired','R','400','2014-02-02 00:00:00'),
('40','80','1','1','Nexus10 Purchased','P','700','2014-02-02 00:00:00'),
('41','81','1','1','Nexus7 Repaired','R','250','2014-02-02 00:00:00'),
('42','82','7','1','ChromeBook Purchased','P','1000','2014-02-02 00:00:00'),
('43','83','1','2','ChromeBook Repaired','R','500','2014-02-02 00:00:00');


INSERT INTO repairproduct (repairproductId,customerId,employeeId,dateCreated)
VALUES('1','501','1','2014-01-02 00:00:00'),
('2','502','2','2014-01-02 00:00:00'),
('3','503','3','2014-01-02 00:00:00'),
('4','504','4','2014-01-02 00:00:00'),
('5','505','5','2014-01-02 00:00:00'),
('6','506','6','2014-01-02 00:00:00'),
('7','507','7','2014-01-02 00:00:00');

INSERT INTO repairs (repairId,repairproductId,subcategoryId,description,repairSatus,dateCreated)
VALUES('1','1','1001','I5 In Repair','Repaired','2014-02-02 00:00:00'),
('2','1','1004','Apple Ipad In Repair','Repaired','2014-02-02 00:00:00'),
('3','2','1006','MacBook In Repair','NotRepaired','2014-02-02 00:00:00'),
('4','2','1008','s3 In Repair','Repaired','2014-02-02 00:00:00'),
('5','2','1010','Samsung Tab3 In Repair','Repaired','2014-02-02 00:00:00'),
('6','3','1012','Samsung Pro In Repair','NotRepaired','2014-02-02 00:00:00'),
('7','3','1014','HTC OneX In Repair','NotRepaired','2014-02-02 00:00:00'),
('8','4','1016','HTC Flyer In Repair','NotRepaired','2014-02-02 00:00:00'),
('9','4','1018','Carbon7 In Repair','Repaired','2014-02-02 00:00:00'),
('10','6','1020','ExpeiaZ In Repair','NotRepaired','2014-02-02 00:00:00'),
('11','6','1022','TabletS In Repair','Repaired','2014-02-02 00:00:00'),
('12','7','1024','SonyViao In Repair','Repaired','2014-02-02 00:00:00'),
('13','7','1026','Asus7 In Repair','Repaired','2014-02-02 00:00:00'),
('14','5','1030','Nexus5 In Repair','Repaired','2014-02-02 00:00:00'),
('15','5','1032','Nexus7 In Repair','NotRepaired','2014-02-02 00:00:00'),
('16','5','1034','ChromeBook In Repair','Repaired','2014-02-02 00:00:00');


INSERT INTO repairpartsused (repairpartsusedId,repairId,productId,dateCreated)
VALUES ('1','1','42','2014-01-01 00:00:00'),
('2','2','43','2014-01-01 00:00:00'),
('3','3','44','2014-01-01 00:00:00'),
('4','4','45','2014-01-01 00:00:00'),
('5','5','46','2014-01-01 00:00:00'),
('6','6','47','2014-01-01 00:00:00'),
('7','7','48','2014-01-01 00:00:00'),
('8','8','49','2014-01-01 00:00:00'),
('9','9','50','2014-01-01 00:00:00'),
('10','10','51','2014-01-01 00:00:00'),
('11','11','52','2014-01-01 00:00:00'),
('12','12','53','2014-01-01 00:00:00'),
('13','13','54','2014-01-01 00:00:00'),
('14','14','55','2014-01-01 00:00:00'),
('15','15','56','2014-01-01 00:00:00'),
('16','16','57','2014-01-01 00:00:00'),
('17','1','58','2014-01-01 00:00:00'),
('18','2','59','2014-01-01 00:00:00'),
('19','3','60','2014-01-01 00:00:00'),
('20','4','61','2014-01-01 00:00:00'),
('21','5','62','2014-01-01 00:00:00'),
('22','6','63','2014-01-01 00:00:00'),
('23','7','64','2014-01-01 00:00:00'),
('24','8','65','2014-01-01 00:00:00'),
('25','9','66','2014-01-01 00:00:00'),
('26','10','67','2014-01-01 00:00:00'),
('27','11','68','2014-01-01 00:00:00'),
('28','12','69','2014-01-01 00:00:00'),
('29','13','70','2014-01-01 00:00:00'),
('30','14','71','2014-01-01 00:00:00'),
('31','15','72','2014-01-01 00:00:00'),
('32','16','73','2014-01-01 00:00:00'),
('33','1','74','2014-01-01 00:00:00'),
('34','2','75','2014-01-01 00:00:00'),
('35','3','76','2014-01-01 00:00:00'),
('36','4','77','2014-01-01 00:00:00'),
('37','5','78','2014-01-01 00:00:00'),
('38','6','79','2014-01-01 00:00:00'),
('39','7','80','2014-01-01 00:00:00'),
('40','8','81','2014-01-01 00:00:00'),
('41','9','82','2014-01-01 00:00:00'),
('42','10','83','2014-01-01 00:00:00');


